<?xml version="1.0" encoding="UTF-8"?><rtc_cm:WorkItemTemplate  xmlns:dc="http://purl.org/dc/terms/"  xmlns:rtc_cm="http://jazz.net/xmlns/prod/jazz/rtc/cm/1.0/"  xmlns:rdf="http://www.w3.org/1999/02/22-rdf-syntax-ns#"><!--#RMC#process.name=develop_cvprocess.guid=_WqpM0Q9AEeKJMPViyIKWZAconfiguration.name=configuration.guid=_cd8_MDo1EeKvxsxYg38GfQ#RMC#--><dc:identifier>develop_cv</dc:identifier><dc:title>Develop CV</dc:title><dc:description></dc:description><rtc_cm:workItems><rtc_cm:task rdf:ID="-cdXwYDo1EeKvxsxYg38GfQ"><dc:title>Develop Capability Views</dc:title><dc:description>&#13;&#10;&#13;&#10;See &lt;a href=&quot;../../../dodaf2/practice.compliance.dodaf.base-ibm/capabilitypatterns/develop_cv_ED857E17.html&quot;&gt;detailed description&lt;/a&gt;.</dc:description><rtc_cm:filedAgainst rdf:resource="${filedAgainst:Category}"/><rtc_cm:plannedFor rdf:resource="${plannedFor:Iteration}"/></rtc_cm:task><rtc_cm:task rdf:ID="-cdqEQDo1EeKvxsxYg38GfQ"><dc:title>Develop the Visions (CV-1)</dc:title><dc:description>This task develops a Project&apos;s Visions, Goals, Objectives, Plans, Activities, Events, Conditions, Measures, Effects&#13;&#10;(Outcomes), and produced objects. &#13;&#10;&#13;&#10;See &lt;a href=&quot;../../../dodaf2/practice.compliance.dodaf.base-ibm/capabilitypatterns/dev_cv1_7A55F1D4.html&quot;&gt;detailed description&lt;/a&gt;.</dc:description><rtc_cm:filedAgainst rdf:resource="${filedAgainst:Category}"/><rtc_cm:plannedFor rdf:resource="${plannedFor:Iteration}"/><rtc_cm:com.ibm.team.workitem.linktype.parentworkitem.parent rdf:resource="#-cdXwYDo1EeKvxsxYg38GfQ"/><rtc_cm:com.ibm.team.workitem.linktype.blocksworkitem.dependsOn rdf:resource="#-cd5U0Do1EeKvxsxYg38GfQ"/></rtc_cm:task><rtc_cm:task rdf:ID="-cdtuoDo1EeKvxsxYg38GfQ"><dc:title>Build the Capability Taxonomy (CV-2)</dc:title><dc:description>Develop a hierarchy of Capabilities that capture the high level requirements that need to be realized to attain the vision and achieve the goals specified in the CV-1&#13;&#10;&#13;&#10;See &lt;a href=&quot;../../../dodaf2/practice.compliance.dodaf.base-ibm/capabilitypatterns/dev_cv2_27F3C0FC.html&quot;&gt;detailed description&lt;/a&gt;.</dc:description><rtc_cm:filedAgainst rdf:resource="${filedAgainst:Category}"/><rtc_cm:plannedFor rdf:resource="${plannedFor:Iteration}"/><rtc_cm:com.ibm.team.workitem.linktype.parentworkitem.parent rdf:resource="#-cdXwYDo1EeKvxsxYg38GfQ"/><rtc_cm:com.ibm.team.workitem.linktype.blocksworkitem.dependsOn rdf:resource="#-cdqEQDo1EeKvxsxYg38GfQ"/></rtc_cm:task><rtc_cm:task rdf:ID="-cdxZADo1EeKvxsxYg38GfQ"><dc:title>Develop Capability Dependencies (CV-4)</dc:title><dc:description>This task focuses on describing the relationship and dependencies between planned capabilities represented in a CV-4. &#13;&#10;&#13;&#10;See &lt;a href=&quot;../../../dodaf2/practice.compliance.dodaf.base-ibm/capabilitypatterns/dev_cv4_A7C642C0.html&quot;&gt;detailed description&lt;/a&gt;.</dc:description><rtc_cm:filedAgainst rdf:resource="${filedAgainst:Category}"/><rtc_cm:plannedFor rdf:resource="${plannedFor:Iteration}"/><rtc_cm:com.ibm.team.workitem.linktype.parentworkitem.parent rdf:resource="#-cdXwYDo1EeKvxsxYg38GfQ"/><rtc_cm:com.ibm.team.workitem.linktype.blocksworkitem.dependsOn rdf:resource="#-cdtuoDo1EeKvxsxYg38GfQ"/></rtc_cm:task><rtc_cm:task rdf:ID="-cd1DYDo1EeKvxsxYg38GfQ"><dc:title>Develop Constraining Environment</dc:title><dc:description>This task defines the environment or conditions in which capabilities need to be met and in which the systems and serves must be perform&#13;&#10;&#13;&#10;See &lt;a href=&quot;../../../dodaf2/practice.compliance.dodaf.base-ibm/capabilitypatterns/dev_cons_env_15AC25A3.html&quot;&gt;detailed description&lt;/a&gt;.</dc:description><rtc_cm:filedAgainst rdf:resource="${filedAgainst:Category}"/><rtc_cm:plannedFor rdf:resource="${plannedFor:Iteration}"/><rtc_cm:com.ibm.team.workitem.linktype.parentworkitem.parent rdf:resource="#-cdXwYDo1EeKvxsxYg38GfQ"/><rtc_cm:com.ibm.team.workitem.linktype.blocksworkitem.dependsOn rdf:resource="#-cdxZADo1EeKvxsxYg38GfQ"/></rtc_cm:task><rtc_cm:task rdf:ID="-cd5U0Do1EeKvxsxYg38GfQ"><dc:title>Initialize the AV-1</dc:title><dc:description>This task describes how to create the Project&apos;s Visions, Goals, Objectives, Plans, Activities, Events, Conditions, Measures, Effects (Outcomes), and produced objects.&#13;&#10;&#13;&#10;See &lt;a href=&quot;../../../dodaf2/practice.compliance.dodaf.base-ibm/capabilitypatterns/dev_av1_6698CC4E.html&quot;&gt;detailed description&lt;/a&gt;.</dc:description><rtc_cm:filedAgainst rdf:resource="${filedAgainst:Category}"/><rtc_cm:plannedFor rdf:resource="${plannedFor:Iteration}"/><rtc_cm:com.ibm.team.workitem.linktype.parentworkitem.parent rdf:resource="#-cdXwYDo1EeKvxsxYg38GfQ"/></rtc_cm:task></rtc_cm:workItems></rtc_cm:WorkItemTemplate>