<?xml version="1.0" encoding="UTF-8"?><rtc_cm:WorkItemTemplate  xmlns:dc="http://purl.org/dc/terms/"  xmlns:rtc_cm="http://jazz.net/xmlns/prod/jazz/rtc/cm/1.0/"  xmlns:rdf="http://www.w3.org/1999/02/22-rdf-syntax-ns#"><!--#RMC#process.name=develop_ovprocess.guid=_SVrQUQ9DEeKJMPViyIKWZAconfiguration.name=configuration.guid=_jtnkIDnjEeKvxsxYg38GfQ#RMC#--><dc:identifier>develop_ov</dc:identifier><dc:title>Develop OV</dc:title><dc:description></dc:description><rtc_cm:workItems><rtc_cm:task rdf:ID="-1qSEwDo1EeKvxsxYg38GfQ"><dc:title>Develop Operational Views</dc:title><dc:description>The approach of this workflow is take an activity led Black-Box, White Box approach to developing the architecture. First phase goes through the development of the Black Box activity diagram. Means of realising the activity behaviour is then captured in the OV-2 and the OV-4. Activities are then allocated to these Performers and Organizations, this drives the derivation of the OV-2 resource flows from which the OV-3 is generated. &#13;&#10;&#13;&#10;This flow should be repeated for each mission, use cases or set of scenarios. This implies an Agile iterative approach to the development of the architecture because during each iteration the existing information needs to revalidated and potential restructured if the behaviors of the different scenarios contradict. &#13;&#10;&#13;&#10;&#13;&#10;See &lt;a href=&quot;../../../dodaf2/practice.compliance.dodaf.base-ibm/capabilitypatterns/develop_ov_FBE1D000.html&quot;&gt;detailed description&lt;/a&gt;.</dc:description><rtc_cm:filedAgainst rdf:resource="${filedAgainst:Category}"/><rtc_cm:plannedFor rdf:resource="${plannedFor:Iteration}"/></rtc_cm:task><rtc_cm:task rdf:ID="-1q5IwDo1EeKvxsxYg38GfQ"><dc:title>Develop the Operational Activity Decomposition (OV-5a)</dc:title><dc:description>The operational activity decomposition is way of breaking up activities into reasonable sized pieces of behaviour that can be allocated to performers. It also provides a means of navigating through the hierarchy of the activity model in the OV-5b.&#13;&#10;&#13;&#10;See &lt;a href=&quot;../../../dodaf2/practice.compliance.dodaf.base-ibm/capabilitypatterns/dev_ov5a_B64E15A9.html&quot;&gt;detailed description&lt;/a&gt;.</dc:description><rtc_cm:filedAgainst rdf:resource="${filedAgainst:Category}"/><rtc_cm:plannedFor rdf:resource="${plannedFor:Iteration}"/><rtc_cm:com.ibm.team.workitem.linktype.parentworkitem.parent rdf:resource="#-1qSEwDo1EeKvxsxYg38GfQ"/><rtc_cm:com.ibm.team.workitem.linktype.blocksworkitem.dependsOn rdf:resource="#-1rHLMDo1EeKvxsxYg38GfQ"/></rtc_cm:task><rtc_cm:task rdf:ID="-1q8MEDo1EeKvxsxYg38GfQ"><dc:title>Develop the Operational Resource Flow Matrix (OV-3)</dc:title><dc:description>This task produces a summary of the resources flows between the various elements that appear on an OV-2 and the activities on an OV-5b. The intent is to show the producing and consumer resource along with the producing and consuming activity and the resource that is being passed between them. The output of the OV-3 is normally in the form of a table.&#13;&#10;&#13;&#10;See &lt;a href=&quot;../../../dodaf2/practice.compliance.dodaf.base-ibm/capabilitypatterns/dev_ov3_6B5BC8C6.html&quot;&gt;detailed description&lt;/a&gt;.</dc:description><rtc_cm:filedAgainst rdf:resource="${filedAgainst:Category}"/><rtc_cm:plannedFor rdf:resource="${plannedFor:Iteration}"/><rtc_cm:com.ibm.team.workitem.linktype.parentworkitem.parent rdf:resource="#-1qSEwDo1EeKvxsxYg38GfQ"/><rtc_cm:com.ibm.team.workitem.linktype.blocksworkitem.dependsOn rdf:resource="#-1rciYDo1EeKvxsxYg38GfQ"/><rtc_cm:com.ibm.team.workitem.linktype.blocksworkitem.dependsOn rdf:resource="#-1rflsDo1EeKvxsxYg38GfQ"/><rtc_cm:com.ibm.team.workitem.linktype.blocksworkitem.dependsOn rdf:resource="#-1rx5kDo1EeKvxsxYg38GfQ"/><rtc_cm:com.ibm.team.workitem.linktype.blocksworkitem.dependsOn rdf:resource="#-1ruPMDo1EeKvxsxYg38GfQ"/></rtc_cm:task><rtc_cm:task rdf:ID="-1q-2cDo1EeKvxsxYg38GfQ"><dc:title>Develop the initial Operational Resource Flow Description(OV-2)</dc:title><dc:description>This task develops the initial Operational Resource Flow Description by populating the OV-2 model with the various Performers, Organizations and resources that could logically be deployed to achieve the capability. It is important to remember that the Operational view is WHAT not a HOW so keep away from implementation.&#13;&#10;&#13;&#10;See &lt;a href=&quot;../../../dodaf2/practice.compliance.dodaf.base-ibm/capabilitypatterns/dev_ov2_B64CED2B.html&quot;&gt;detailed description&lt;/a&gt;.</dc:description><rtc_cm:filedAgainst rdf:resource="${filedAgainst:Category}"/><rtc_cm:plannedFor rdf:resource="${plannedFor:Iteration}"/><rtc_cm:com.ibm.team.workitem.linktype.parentworkitem.parent rdf:resource="#-1qSEwDo1EeKvxsxYg38GfQ"/><rtc_cm:com.ibm.team.workitem.linktype.blocksworkitem.dependsOn rdf:resource="#-1rC5wDo1EeKvxsxYg38GfQ"/><rtc_cm:com.ibm.team.workitem.linktype.blocksworkitem.dependsOn rdf:resource="#-1rK1kDo1EeKvxsxYg38GfQ"/></rtc_cm:task><rtc_cm:task rdf:ID="-1rC5wDo1EeKvxsxYg38GfQ"><dc:title>Develop the Organizational Relationships Chart (OV-4)</dc:title><dc:description>This task defines the organizational structures and interactions and captures them in the OV-4. These organizations, posts and billets can now be used in the context of the OV-2 or the SV-1&#13;&#10;&#13;&#10;See &lt;a href=&quot;../../../dodaf2/practice.compliance.dodaf.base-ibm/capabilitypatterns/dev_ov4_F3C88B5F.html&quot;&gt;detailed description&lt;/a&gt;.</dc:description><rtc_cm:filedAgainst rdf:resource="${filedAgainst:Category}"/><rtc_cm:plannedFor rdf:resource="${plannedFor:Iteration}"/><rtc_cm:com.ibm.team.workitem.linktype.parentworkitem.parent rdf:resource="#-1qSEwDo1EeKvxsxYg38GfQ"/><rtc_cm:com.ibm.team.workitem.linktype.blocksworkitem.dependsOn rdf:resource="#-1rK1kDo1EeKvxsxYg38GfQ"/></rtc_cm:task><rtc_cm:task rdf:ID="-1rHLMDo1EeKvxsxYg38GfQ"><dc:title>Describe the Purpose of the Architecture (OV-1)</dc:title><dc:description>This task focuses on describing the mission and/or scenario highlighting the unique aspects of operations. It describes the interactions between the subject architecture and its environment, and between the architecture and external systems. &#13;&#10;&#13;&#10;See &lt;a href=&quot;../../../dodaf2/practice.compliance.dodaf.base-ibm/capabilitypatterns/dev_ov1_C2A8B0CC.html&quot;&gt;detailed description&lt;/a&gt;.</dc:description><rtc_cm:filedAgainst rdf:resource="${filedAgainst:Category}"/><rtc_cm:plannedFor rdf:resource="${plannedFor:Iteration}"/><rtc_cm:com.ibm.team.workitem.linktype.parentworkitem.parent rdf:resource="#-1qSEwDo1EeKvxsxYg38GfQ"/></rtc_cm:task><rtc_cm:task rdf:ID="-1rK1kDo1EeKvxsxYg38GfQ"><dc:title>Develop Operational Activity Model OV-5b BB</dc:title><dc:description>This is the first step in developing the behavioral model of the architecture. It is captured as logical activity diagram that shows the expected logical operations and information flows that need to be carried out to achieve the objectives of the capability. &#13;&#10;&#13;&#10;See &lt;a href=&quot;../../../dodaf2/practice.compliance.dodaf.base-ibm/capabilitypatterns/dev_ov5b_bb_2B890258.html&quot;&gt;detailed description&lt;/a&gt;.</dc:description><rtc_cm:filedAgainst rdf:resource="${filedAgainst:Category}"/><rtc_cm:plannedFor rdf:resource="${plannedFor:Iteration}"/><rtc_cm:com.ibm.team.workitem.linktype.parentworkitem.parent rdf:resource="#-1qSEwDo1EeKvxsxYg38GfQ"/><rtc_cm:com.ibm.team.workitem.linktype.blocksworkitem.dependsOn rdf:resource="#-1q5IwDo1EeKvxsxYg38GfQ"/><rtc_cm:com.ibm.team.workitem.linktype.blocksworkitem.dependsOn rdf:resource="#-1rHLMDo1EeKvxsxYg38GfQ"/></rtc_cm:task><rtc_cm:task rdf:ID="-1rOf8Do1EeKvxsxYg38GfQ"><dc:title>Develop Operational Activity Model (OV-5b) WB</dc:title><dc:description>The white box stage of architecture development is about showing which Performers or organization can perform the relevant activities. It is a way of allocating behavior to structure and depending on the tool being used is either achieved through the use of swimlanes or the physical drawing of ActivityPerformedByPerformer from activities to the performers.&#13;&#10;&#13;&#10;See &lt;a href=&quot;../../../dodaf2/practice.compliance.dodaf.base-ibm/capabilitypatterns/dev_ov5b_wb_62B230CE.html&quot;&gt;detailed description&lt;/a&gt;.</dc:description><rtc_cm:filedAgainst rdf:resource="${filedAgainst:Category}"/><rtc_cm:plannedFor rdf:resource="${plannedFor:Iteration}"/><rtc_cm:com.ibm.team.workitem.linktype.parentworkitem.parent rdf:resource="#-1qSEwDo1EeKvxsxYg38GfQ"/><rtc_cm:com.ibm.team.workitem.linktype.blocksworkitem.dependsOn rdf:resource="#-1q-2cDo1EeKvxsxYg38GfQ"/></rtc_cm:task><rtc_cm:task rdf:ID="-1rSKUDo1EeKvxsxYg38GfQ"><dc:title>Develop Operational State Transition Description (OV-6b)</dc:title><dc:description>The OV-6b is used to capture the state behavior of the performer or organization in response to particular events. It is a more detailed reflection of the behavior of the systems that is capture in an OV-5b and is an aggregate of the messaging behavior captured in the OV-6c.&#13;&#10;&#13;&#10;See &lt;a href=&quot;../../../dodaf2/practice.compliance.dodaf.base-ibm/capabilitypatterns/dev_ov6b_54BF49F5.html&quot;&gt;detailed description&lt;/a&gt;.</dc:description><rtc_cm:filedAgainst rdf:resource="${filedAgainst:Category}"/><rtc_cm:plannedFor rdf:resource="${plannedFor:Iteration}"/><rtc_cm:com.ibm.team.workitem.linktype.parentworkitem.parent rdf:resource="#-1qSEwDo1EeKvxsxYg38GfQ"/><rtc_cm:com.ibm.team.workitem.linktype.blocksworkitem.dependsOn rdf:resource="#-1rOf8Do1EeKvxsxYg38GfQ"/></rtc_cm:task><rtc_cm:task rdf:ID="-1rYQ8Do1EeKvxsxYg38GfQ"><dc:title>Develop the Event-Trace Description (OV-6c)</dc:title><dc:description>This tasks develop the OV-6c model which defines the interactions between the performers and the operational threads and scenarios, it captures a time ordered sequence of events and messages that reflects the information flows show in the OV-5b. Typically this information is captured using a sequence diagram although some users prefer employing BPMN for this view. &#13;&#10;&#13;&#10;See &lt;a href=&quot;../../../dodaf2/practice.compliance.dodaf.base-ibm/capabilitypatterns/dev_ov6c_93B78DB3.html&quot;&gt;detailed description&lt;/a&gt;.</dc:description><rtc_cm:filedAgainst rdf:resource="${filedAgainst:Category}"/><rtc_cm:plannedFor rdf:resource="${plannedFor:Iteration}"/><rtc_cm:com.ibm.team.workitem.linktype.parentworkitem.parent rdf:resource="#-1qSEwDo1EeKvxsxYg38GfQ"/><rtc_cm:com.ibm.team.workitem.linktype.blocksworkitem.dependsOn rdf:resource="#-1rOf8Do1EeKvxsxYg38GfQ"/></rtc_cm:task><rtc_cm:task rdf:ID="-1rciYDo1EeKvxsxYg38GfQ"><dc:title>Update the Operational Resource Flow Description(OV-2)</dc:title><dc:description>This task populates the OV-2 with the Needlines and Information Exchanges based on the OV-5 and OV-6c information.&#13;&#10;&#13;&#10;See &lt;a href=&quot;../../../dodaf2/practice.compliance.dodaf.base-ibm/capabilitypatterns/update_ov2_22C0AC97.html&quot;&gt;detailed description&lt;/a&gt;.</dc:description><rtc_cm:filedAgainst rdf:resource="${filedAgainst:Category}"/><rtc_cm:plannedFor rdf:resource="${plannedFor:Iteration}"/><rtc_cm:com.ibm.team.workitem.linktype.parentworkitem.parent rdf:resource="#-1qSEwDo1EeKvxsxYg38GfQ"/><rtc_cm:com.ibm.team.workitem.linktype.blocksworkitem.dependsOn rdf:resource="#-1rOf8Do1EeKvxsxYg38GfQ"/></rtc_cm:task><rtc_cm:task rdf:ID="-1rflsDo1EeKvxsxYg38GfQ"><dc:title>Update the Organizational Relationships Chart (OV-4)</dc:title><dc:description>This task updates the OV-4 with any additional personnel, services and lines of communication as result of the work carried out in the allocation of activities to performers and organization,&#13;&#10;&#13;&#10;See &lt;a href=&quot;../../../dodaf2/practice.compliance.dodaf.base-ibm/capabilitypatterns/update_ov4_CB0FEB3F.html&quot;&gt;detailed description&lt;/a&gt;.</dc:description><rtc_cm:filedAgainst rdf:resource="${filedAgainst:Category}"/><rtc_cm:plannedFor rdf:resource="${plannedFor:Iteration}"/><rtc_cm:com.ibm.team.workitem.linktype.parentworkitem.parent rdf:resource="#-1qSEwDo1EeKvxsxYg38GfQ"/><rtc_cm:com.ibm.team.workitem.linktype.blocksworkitem.dependsOn rdf:resource="#-1rOf8Do1EeKvxsxYg38GfQ"/></rtc_cm:task><rtc_cm:task rdf:ID="-1rjQEDo1EeKvxsxYg38GfQ"><dc:title>Develop the Capability to Operational Activities Mapping (CV-6)</dc:title><dc:description>This task defines the mapping between the required capabilities and the corresponding activities. It is advised that this is done as you firm up the activity flows and finalise their allocation to performers, otherwise it can be difficult to remember which activity is related to which capability&#13;&#10;&#13;&#10;See &lt;a href=&quot;../../../dodaf2/practice.compliance.dodaf.base-ibm/capabilitypatterns/dev_cv6_DA9A681.html&quot;&gt;detailed description&lt;/a&gt;.</dc:description><rtc_cm:filedAgainst rdf:resource="${filedAgainst:Category}"/><rtc_cm:plannedFor rdf:resource="${plannedFor:Iteration}"/><rtc_cm:com.ibm.team.workitem.linktype.parentworkitem.parent rdf:resource="#-1qSEwDo1EeKvxsxYg38GfQ"/><rtc_cm:com.ibm.team.workitem.linktype.blocksworkitem.dependsOn rdf:resource="#-1rOf8Do1EeKvxsxYg38GfQ"/></rtc_cm:task><rtc_cm:task rdf:ID="-1rm6cDo1EeKvxsxYg38GfQ"><dc:title>Develop the Conceptual Data Model (DIV-1)</dc:title><dc:description>This task defines the information concepts used in the initial development of the information architecture during the development of the operational views and  captures them in DIV-1.&#13;&#10;&#13;&#10;See &lt;a href=&quot;../../../dodaf2/practice.compliance.dodaf.base-ibm/capabilitypatterns/dev_div1_47B94606.html&quot;&gt;detailed description&lt;/a&gt;.</dc:description><rtc_cm:filedAgainst rdf:resource="${filedAgainst:Category}"/><rtc_cm:plannedFor rdf:resource="${plannedFor:Iteration}"/><rtc_cm:com.ibm.team.workitem.linktype.parentworkitem.parent rdf:resource="#-1qSEwDo1EeKvxsxYg38GfQ"/><rtc_cm:com.ibm.team.workitem.linktype.blocksworkitem.dependsOn rdf:resource="#-1rOf8Do1EeKvxsxYg38GfQ"/></rtc_cm:task><rtc_cm:task rdf:ID="-1rqk0Do1EeKvxsxYg38GfQ"><dc:title>Develop the Logical Data Model (DIV-2)</dc:title><dc:description>This task details the information concepts used in the development of the information architecture during the development of the operational views and  captures them in DIV-2.&#13;&#10;&#13;&#10;See &lt;a href=&quot;../../../dodaf2/practice.compliance.dodaf.base-ibm/capabilitypatterns/dev_div2_BE7DB5ED.html&quot;&gt;detailed description&lt;/a&gt;.</dc:description><rtc_cm:filedAgainst rdf:resource="${filedAgainst:Category}"/><rtc_cm:plannedFor rdf:resource="${plannedFor:Iteration}"/><rtc_cm:com.ibm.team.workitem.linktype.parentworkitem.parent rdf:resource="#-1qSEwDo1EeKvxsxYg38GfQ"/><rtc_cm:com.ibm.team.workitem.linktype.blocksworkitem.dependsOn rdf:resource="#-1rm6cDo1EeKvxsxYg38GfQ"/></rtc_cm:task><rtc_cm:task rdf:ID="-1ruPMDo1EeKvxsxYg38GfQ"><dc:title>Develop Standards Profile (StdV-1)</dc:title><dc:description>To capture the standards that apply to all various viewpoints of the architecture. It is advised this the various standards are attached to the relevant performers, systems, organizations, services, activities as you come across them in the development of the architecture, otherwise it is likely you will forget to add them.&#13;&#10;&#13;&#10;See &lt;a href=&quot;../../../dodaf2/practice.compliance.dodaf.base-ibm/capabilitypatterns/dev_stdV1_91D58E04.html&quot;&gt;detailed description&lt;/a&gt;.</dc:description><rtc_cm:filedAgainst rdf:resource="${filedAgainst:Category}"/><rtc_cm:plannedFor rdf:resource="${plannedFor:Iteration}"/><rtc_cm:com.ibm.team.workitem.linktype.parentworkitem.parent rdf:resource="#-1qSEwDo1EeKvxsxYg38GfQ"/><rtc_cm:com.ibm.team.workitem.linktype.blocksworkitem.dependsOn rdf:resource="#-1rHLMDo1EeKvxsxYg38GfQ"/></rtc_cm:task><rtc_cm:task rdf:ID="-1rx5kDo1EeKvxsxYg38GfQ"><dc:title>Develop Operational Rules Model (OV-6c)</dc:title><dc:description>This is an ongoing task that is carried out through the development of the operational views, the OV-6a model being added to when required. It uses the elements created in the other views as place holders for attaching constraints that capture the operational rules&#13;&#10;&#13;&#10;See &lt;a href=&quot;../../../dodaf2/practice.compliance.dodaf.base-ibm/capabilitypatterns/dev_ov6a_9DEEB074.html&quot;&gt;detailed description&lt;/a&gt;.</dc:description><rtc_cm:filedAgainst rdf:resource="${filedAgainst:Category}"/><rtc_cm:plannedFor rdf:resource="${plannedFor:Iteration}"/><rtc_cm:com.ibm.team.workitem.linktype.parentworkitem.parent rdf:resource="#-1qSEwDo1EeKvxsxYg38GfQ"/><rtc_cm:com.ibm.team.workitem.linktype.blocksworkitem.dependsOn rdf:resource="#-1rHLMDo1EeKvxsxYg38GfQ"/></rtc_cm:task></rtc_cm:workItems></rtc_cm:WorkItemTemplate>