<?xml version="1.0" encoding="UTF-8"?><rtc_cm:WorkItemTemplate  xmlns:dc="http://purl.org/dc/terms/"  xmlns:rtc_cm="http://jazz.net/xmlns/prod/jazz/rtc/cm/1.0/"  xmlns:rdf="http://www.w3.org/1999/02/22-rdf-syntax-ns#"><!--#RMC#process.name=develop_svprocess.guid=_Y8YS0SUhEeK8o4ogtfCLLwconfiguration.name=configuration.guid=_6GcHADo1EeKvxsxYg38GfQ#RMC#--><dc:identifier>develop_sv</dc:identifier><dc:title>Develop SV</dc:title><dc:description></dc:description><rtc_cm:workItems><rtc_cm:task rdf:ID="-6E6dADo1EeKvxsxYg38GfQ"><dc:title>Develop Systems Views</dc:title><dc:description>&#13;&#10;&#13;&#10;See &lt;a href=&quot;../../../dodaf2/practice.compliance.dodaf.base-ibm/capabilitypatterns/develop_sv_A3195E5E.html&quot;&gt;detailed description&lt;/a&gt;.</dc:description><rtc_cm:filedAgainst rdf:resource="${filedAgainst:Category}"/><rtc_cm:plannedFor rdf:resource="${plannedFor:Iteration}"/></rtc_cm:task><rtc_cm:task rdf:ID="-6FgS4Do1EeKvxsxYg38GfQ"><dc:title>Define the Systems Functionality Behavior/Description (SV-4) WB</dc:title><dc:description>The white box stage of the system architecture is about showing which Systems, communcation networks and organization can perform the relevant systems level activities. It is a way of allocating behavior to structure and depending on the tool being used is either achieved through the use of swimlanes or the physical drawing of ActivityPerformedByPerformer from activities to the performers.&#13;&#10;&#13;&#10;See &lt;a href=&quot;../../../dodaf2/practice.compliance.dodaf.base-ibm/capabilitypatterns/def_sv4_wb_ABD77502.html&quot;&gt;detailed description&lt;/a&gt;.</dc:description><rtc_cm:filedAgainst rdf:resource="${filedAgainst:Category}"/><rtc_cm:plannedFor rdf:resource="${plannedFor:Iteration}"/><rtc_cm:com.ibm.team.workitem.linktype.parentworkitem.parent rdf:resource="#-6E6dADo1EeKvxsxYg38GfQ"/><rtc_cm:com.ibm.team.workitem.linktype.blocksworkitem.dependsOn rdf:resource="#-6GDsgDo1EeKvxsxYg38GfQ"/><rtc_cm:com.ibm.team.workitem.linktype.blocksworkitem.dependsOn rdf:resource="#-6Fj9QDo1EeKvxsxYg38GfQ"/></rtc_cm:task><rtc_cm:task rdf:ID="-6Fj9QDo1EeKvxsxYg38GfQ"><dc:title>Develop the Systems Interface Description with Structure Elements (SV-1)</dc:title><dc:description>This task defines the system structure and logical systems architecture. It is about determining the types of systems and potential services (through interface definitions) that may be able to implement the required operational capability&#13;&#10;&#13;&#10;See &lt;a href=&quot;../../../dodaf2/practice.compliance.dodaf.base-ibm/capabilitypatterns/dev_sv1_B6755512.html&quot;&gt;detailed description&lt;/a&gt;.</dc:description><rtc_cm:filedAgainst rdf:resource="${filedAgainst:Category}"/><rtc_cm:plannedFor rdf:resource="${plannedFor:Iteration}"/><rtc_cm:com.ibm.team.workitem.linktype.parentworkitem.parent rdf:resource="#-6E6dADo1EeKvxsxYg38GfQ"/><rtc_cm:com.ibm.team.workitem.linktype.blocksworkitem.dependsOn rdf:resource="#-6Fu8YDo1EeKvxsxYg38GfQ"/></rtc_cm:task><rtc_cm:task rdf:ID="-6FnnoDo1EeKvxsxYg38GfQ"><dc:title>Develop System Resource Flow Description (SV-2)</dc:title><dc:description>This taks captures the Physical Systems Architecture, the focus is on the physical information exchanges and communication networks that exist between systems. In this sense it is a first cut at understanding the sort of networks that need to be put in place to suppor the systems and services expected to be  developed to ralize the operational capability.&#13;&#10;&#13;&#10;See &lt;a href=&quot;../../../dodaf2/practice.compliance.dodaf.base-ibm/capabilitypatterns/dev_sv2_A50E6928.html&quot;&gt;detailed description&lt;/a&gt;.</dc:description><rtc_cm:filedAgainst rdf:resource="${filedAgainst:Category}"/><rtc_cm:plannedFor rdf:resource="${plannedFor:Iteration}"/><rtc_cm:com.ibm.team.workitem.linktype.parentworkitem.parent rdf:resource="#-6E6dADo1EeKvxsxYg38GfQ"/><rtc_cm:com.ibm.team.workitem.linktype.blocksworkitem.dependsOn rdf:resource="#-6Fu8YDo1EeKvxsxYg38GfQ"/><rtc_cm:com.ibm.team.workitem.linktype.blocksworkitem.dependsOn rdf:resource="#-6Fj9QDo1EeKvxsxYg38GfQ"/></rtc_cm:task><rtc_cm:task rdf:ID="-6FrSADo1EeKvxsxYg38GfQ"><dc:title>Develop the Systems-Systems Matrix (SV-3)</dc:title><dc:description>This task captures the resource and information relationships between the systems and organisations. It is a reflection of the resource flows that are captured in the SV-1 and the SV-2. Depending on the focus of the view. It is normally realised as an N-Squared diagram.&#13;&#10;&#13;&#10;See &lt;a href=&quot;../../../dodaf2/practice.compliance.dodaf.base-ibm/capabilitypatterns/dev_sv3_AFAC4938.html&quot;&gt;detailed description&lt;/a&gt;.</dc:description><rtc_cm:filedAgainst rdf:resource="${filedAgainst:Category}"/><rtc_cm:plannedFor rdf:resource="${plannedFor:Iteration}"/><rtc_cm:com.ibm.team.workitem.linktype.parentworkitem.parent rdf:resource="#-6E6dADo1EeKvxsxYg38GfQ"/><rtc_cm:com.ibm.team.workitem.linktype.blocksworkitem.dependsOn rdf:resource="#-6GApMDo1EeKvxsxYg38GfQ"/><rtc_cm:com.ibm.team.workitem.linktype.blocksworkitem.dependsOn rdf:resource="#-6F9l4Do1EeKvxsxYg38GfQ"/></rtc_cm:task><rtc_cm:task rdf:ID="-6Fu8YDo1EeKvxsxYg38GfQ"><dc:title>Develop Systems Funtionality Description (SV-4) BB</dc:title><dc:description>This is the first step in developing the behavioral model of the systems architecture. It is captured as more detailed form of the  OV-5 activity diagram that shows the expected system activities, operations and information flows that need to be carried out to achieve the operational objectives that it relates to.&#13;&#10;&#13;&#10;See &lt;a href=&quot;../../../dodaf2/practice.compliance.dodaf.base-ibm/capabilitypatterns/dev_sv4_bb_70695721.html&quot;&gt;detailed description&lt;/a&gt;.</dc:description><rtc_cm:filedAgainst rdf:resource="${filedAgainst:Category}"/><rtc_cm:plannedFor rdf:resource="${plannedFor:Iteration}"/><rtc_cm:com.ibm.team.workitem.linktype.parentworkitem.parent rdf:resource="#-6E6dADo1EeKvxsxYg38GfQ"/></rtc_cm:task><rtc_cm:task rdf:ID="-6FymwDo1EeKvxsxYg38GfQ"><dc:title>Develop SV-5a traceability matrix</dc:title><dc:description>Develop the second level of traceability between the Systems and the Operational level activities that they realize. This is a task that should be completed as you thinking about these If you do not create the traceability as you go (link as you think)  you will forget what the relationships are.&#13;&#10;&#13;&#10;See &lt;a href=&quot;../../../dodaf2/practice.compliance.dodaf.base-ibm/capabilitypatterns/dev_sv5a_7B073731.html&quot;&gt;detailed description&lt;/a&gt;.</dc:description><rtc_cm:filedAgainst rdf:resource="${filedAgainst:Category}"/><rtc_cm:plannedFor rdf:resource="${plannedFor:Iteration}"/><rtc_cm:com.ibm.team.workitem.linktype.parentworkitem.parent rdf:resource="#-6E6dADo1EeKvxsxYg38GfQ"/><rtc_cm:com.ibm.team.workitem.linktype.blocksworkitem.dependsOn rdf:resource="#-6GApMDo1EeKvxsxYg38GfQ"/><rtc_cm:com.ibm.team.workitem.linktype.blocksworkitem.dependsOn rdf:resource="#-6F9l4Do1EeKvxsxYg38GfQ"/></rtc_cm:task><rtc_cm:task rdf:ID="-6F1qEDo1EeKvxsxYg38GfQ"><dc:title>Develop SV-5b traceability matrix</dc:title><dc:description>Develop the second level of traceability between the Systems level activities and the Operational level activities. This is a task that should be completed as you thinking about the relationships between the systems and operational level of behaviour. If you do not create the traceability as you go (link as you think)  you will forget what the relationships are.&#13;&#10;&#13;&#10;See &lt;a href=&quot;../../../dodaf2/practice.compliance.dodaf.base-ibm/capabilitypatterns/dev_sv5b_69A04B47.html&quot;&gt;detailed description&lt;/a&gt;.</dc:description><rtc_cm:filedAgainst rdf:resource="${filedAgainst:Category}"/><rtc_cm:plannedFor rdf:resource="${plannedFor:Iteration}"/><rtc_cm:com.ibm.team.workitem.linktype.parentworkitem.parent rdf:resource="#-6E6dADo1EeKvxsxYg38GfQ"/><rtc_cm:com.ibm.team.workitem.linktype.blocksworkitem.dependsOn rdf:resource="#-6FgS4Do1EeKvxsxYg38GfQ"/></rtc_cm:task><rtc_cm:task rdf:ID="-6F5UcDo1EeKvxsxYg38GfQ"><dc:title>Develop the Systems Resource Flow Matrix (SV-6)</dc:title><dc:description>This task produces a summary of the resources flows between the various elements that appear in an SV-1 or SV-2 and the activities on an SV-4. The intent is to show the producing and consumer resource along with the producing and consuming activity and the resource that is being passed between them. The output of the SV-6 is normally in the form of a table.&#13;&#10;&#13;&#10;See &lt;a href=&quot;../../../dodaf2/practice.compliance.dodaf.base-ibm/capabilitypatterns/dev_sv6_743E2B57.html&quot;&gt;detailed description&lt;/a&gt;.</dc:description><rtc_cm:filedAgainst rdf:resource="${filedAgainst:Category}"/><rtc_cm:plannedFor rdf:resource="${plannedFor:Iteration}"/><rtc_cm:com.ibm.team.workitem.linktype.parentworkitem.parent rdf:resource="#-6E6dADo1EeKvxsxYg38GfQ"/><rtc_cm:com.ibm.team.workitem.linktype.blocksworkitem.dependsOn rdf:resource="#-6GApMDo1EeKvxsxYg38GfQ"/><rtc_cm:com.ibm.team.workitem.linktype.blocksworkitem.dependsOn rdf:resource="#-6F9l4Do1EeKvxsxYg38GfQ"/></rtc_cm:task><rtc_cm:task rdf:ID="-6F9l4Do1EeKvxsxYg38GfQ"><dc:title>Update the Systems Interface Description with Personnel Services and Information relationships (SV-1)</dc:title><dc:description>This task updates the SV-1 with the resource flows derived from the White box SV-4,  Personnel Organization information from the OV-4 and Services information (in the form of Interfaces) from the SvcV-1.&#13;&#10;&#13;&#10;See &lt;a href=&quot;../../../dodaf2/practice.compliance.dodaf.base-ibm/capabilitypatterns/update_sv1_DB04660A.html&quot;&gt;detailed description&lt;/a&gt;.</dc:description><rtc_cm:filedAgainst rdf:resource="${filedAgainst:Category}"/><rtc_cm:plannedFor rdf:resource="${plannedFor:Iteration}"/><rtc_cm:com.ibm.team.workitem.linktype.parentworkitem.parent rdf:resource="#-6E6dADo1EeKvxsxYg38GfQ"/><rtc_cm:com.ibm.team.workitem.linktype.blocksworkitem.dependsOn rdf:resource="#-6FgS4Do1EeKvxsxYg38GfQ"/></rtc_cm:task><rtc_cm:task rdf:ID="-6GApMDo1EeKvxsxYg38GfQ"><dc:title>Update Systems Resource Flow Description (SV-2)</dc:title><dc:description>This task updates the SV-1 with the resource flows derived from the White box SV-4 mapped onto physical communications networks and infrastructure. &#13;&#10;&#13;&#10;See &lt;a href=&quot;../../../dodaf2/practice.compliance.dodaf.base-ibm/capabilitypatterns/update_sv2_C99D7A20.html&quot;&gt;detailed description&lt;/a&gt;.</dc:description><rtc_cm:filedAgainst rdf:resource="${filedAgainst:Category}"/><rtc_cm:plannedFor rdf:resource="${plannedFor:Iteration}"/><rtc_cm:com.ibm.team.workitem.linktype.parentworkitem.parent rdf:resource="#-6E6dADo1EeKvxsxYg38GfQ"/><rtc_cm:com.ibm.team.workitem.linktype.blocksworkitem.dependsOn rdf:resource="#-6FgS4Do1EeKvxsxYg38GfQ"/></rtc_cm:task><rtc_cm:task rdf:ID="-6GDsgDo1EeKvxsxYg38GfQ"><dc:title>Develop the Organizational Relationships Chart (OV-4)</dc:title><dc:description>This task defines the organizational structures and interactions and captures them in the OV-4. These organizations, posts and billets can now be used in the context of the OV-2 or the SV-1&#13;&#10;&#13;&#10;See &lt;a href=&quot;../../../dodaf2/practice.compliance.dodaf.base-ibm/capabilitypatterns/dev_ov4_DB1C6E07.html&quot;&gt;detailed description&lt;/a&gt;.</dc:description><rtc_cm:filedAgainst rdf:resource="${filedAgainst:Category}"/><rtc_cm:plannedFor rdf:resource="${plannedFor:Iteration}"/><rtc_cm:com.ibm.team.workitem.linktype.parentworkitem.parent rdf:resource="#-6E6dADo1EeKvxsxYg38GfQ"/><rtc_cm:com.ibm.team.workitem.linktype.blocksworkitem.dependsOn rdf:resource="#-6Fu8YDo1EeKvxsxYg38GfQ"/></rtc_cm:task><rtc_cm:task rdf:ID="-6GGv0Do1EeKvxsxYg38GfQ"><dc:title>Develop the Physical Data Model (DIV-3)</dc:title><dc:description>This task details the information and data concepts used in the development of the information architecture during the development of the system views and  captures them in DIV-3. It is more detailed version of the DIV-2 and has relationship back to it&#13;&#10;&#13;&#10;See &lt;a href=&quot;../../../dodaf2/practice.compliance.dodaf.base-ibm/capabilitypatterns/dev_div3_4B65922A.html&quot;&gt;detailed description&lt;/a&gt;.</dc:description><rtc_cm:filedAgainst rdf:resource="${filedAgainst:Category}"/><rtc_cm:plannedFor rdf:resource="${plannedFor:Iteration}"/><rtc_cm:com.ibm.team.workitem.linktype.parentworkitem.parent rdf:resource="#-6E6dADo1EeKvxsxYg38GfQ"/><rtc_cm:com.ibm.team.workitem.linktype.blocksworkitem.dependsOn rdf:resource="#-6FgS4Do1EeKvxsxYg38GfQ"/></rtc_cm:task><rtc_cm:task rdf:ID="-6GKaMDo1EeKvxsxYg38GfQ"><dc:title>Develop Systems State Transition Descriptions (SV-10b)</dc:title><dc:description>The SV-10b is used to capture the state behavior of the system or organization in response to particular events. It is a more detailed reflection of the behavior of the systems that is capture in an SV-4 and is an aggregate of the messaging behavior captured in the SV-10c.&#13;&#10;&#13;&#10;See &lt;a href=&quot;../../../dodaf2/practice.compliance.dodaf.base-ibm/capabilitypatterns/dev_sv10b_C9CD7138.html&quot;&gt;detailed description&lt;/a&gt;.</dc:description><rtc_cm:filedAgainst rdf:resource="${filedAgainst:Category}"/><rtc_cm:plannedFor rdf:resource="${plannedFor:Iteration}"/><rtc_cm:com.ibm.team.workitem.linktype.parentworkitem.parent rdf:resource="#-6E6dADo1EeKvxsxYg38GfQ"/><rtc_cm:com.ibm.team.workitem.linktype.blocksworkitem.dependsOn rdf:resource="#-6FgS4Do1EeKvxsxYg38GfQ"/></rtc_cm:task><rtc_cm:task rdf:ID="-6GPSsDo1EeKvxsxYg38GfQ"><dc:title>Develop Systems Event Trace Descriptions (SV-10c)</dc:title><dc:description>This task develops the SV-10c model which defines the interactions between systems and organisations involved in the operational scenario, it captures a time ordered sequence of events and messages that reflects the information flows show in the SV-4. Typically this information is captured using a sequence diagram.&#13;&#10;&#13;&#10;See &lt;a href=&quot;../../../dodaf2/practice.compliance.dodaf.base-ibm/capabilitypatterns/dev_sv10c_D46B5148.html&quot;&gt;detailed description&lt;/a&gt;.</dc:description><rtc_cm:filedAgainst rdf:resource="${filedAgainst:Category}"/><rtc_cm:plannedFor rdf:resource="${plannedFor:Iteration}"/><rtc_cm:com.ibm.team.workitem.linktype.parentworkitem.parent rdf:resource="#-6E6dADo1EeKvxsxYg38GfQ"/><rtc_cm:com.ibm.team.workitem.linktype.blocksworkitem.dependsOn rdf:resource="#-6FgS4Do1EeKvxsxYg38GfQ"/></rtc_cm:task><rtc_cm:task rdf:ID="-6GS9EDo1EeKvxsxYg38GfQ"><dc:title>Develop Systems Rules Model (SV-10a)</dc:title><dc:description>This is an ongoing task that is carried out through the development of the system views, the SV-10a model being added to when required. It uses the elements created in the other views as place holders for attaching constraints that capture the system rules&#13;&#10;&#13;&#10;See &lt;a href=&quot;../../../dodaf2/practice.compliance.dodaf.base-ibm/capabilitypatterns/dev_sv10a_E92D10AE.html&quot;&gt;detailed description&lt;/a&gt;.</dc:description><rtc_cm:filedAgainst rdf:resource="${filedAgainst:Category}"/><rtc_cm:plannedFor rdf:resource="${plannedFor:Iteration}"/><rtc_cm:com.ibm.team.workitem.linktype.parentworkitem.parent rdf:resource="#-6E6dADo1EeKvxsxYg38GfQ"/><rtc_cm:com.ibm.team.workitem.linktype.blocksworkitem.dependsOn rdf:resource="#-6Fu8YDo1EeKvxsxYg38GfQ"/></rtc_cm:task><rtc_cm:task rdf:ID="-6GWAYDo1EeKvxsxYg38GfQ"><dc:title>Develop Standards Profile (StdV-1)</dc:title><dc:description>To capture the standards that apply to all various viewpoints of the architecture. It is advised this the various standards are attached to the relevant performers, systems, organizations, services, activities as you come across them in the development of the architecture, otherwise it is likely you will forget to add them.&#13;&#10;&#13;&#10;See &lt;a href=&quot;../../../dodaf2/practice.compliance.dodaf.base-ibm/capabilitypatterns/dev_stdV1_3B1F0F3F.html&quot;&gt;detailed description&lt;/a&gt;.</dc:description><rtc_cm:filedAgainst rdf:resource="${filedAgainst:Category}"/><rtc_cm:plannedFor rdf:resource="${plannedFor:Iteration}"/><rtc_cm:com.ibm.team.workitem.linktype.parentworkitem.parent rdf:resource="#-6E6dADo1EeKvxsxYg38GfQ"/><rtc_cm:com.ibm.team.workitem.linktype.blocksworkitem.dependsOn rdf:resource="#-6Fu8YDo1EeKvxsxYg38GfQ"/></rtc_cm:task><rtc_cm:task rdf:ID="-6GZDsDo1EeKvxsxYg38GfQ"><dc:title>Develop Systems Measures Matrix (SV-7)</dc:title><dc:description>As the systems are identified and developed, measures and metrics need to be related to these systems elements. The development of the SV-7 is an ongoing task as it captures the measure and metrics as they are discovered. &#13;&#10;&#13;&#10;See &lt;a href=&quot;../../../dodaf2/practice.compliance.dodaf.base-ibm/capabilitypatterns/dev_sv7_43A885A7.html&quot;&gt;detailed description&lt;/a&gt;.</dc:description><rtc_cm:filedAgainst rdf:resource="${filedAgainst:Category}"/><rtc_cm:plannedFor rdf:resource="${plannedFor:Iteration}"/><rtc_cm:com.ibm.team.workitem.linktype.parentworkitem.parent rdf:resource="#-6E6dADo1EeKvxsxYg38GfQ"/><rtc_cm:com.ibm.team.workitem.linktype.blocksworkitem.dependsOn rdf:resource="#-6Fu8YDo1EeKvxsxYg38GfQ"/></rtc_cm:task></rtc_cm:workItems></rtc_cm:WorkItemTemplate>