<?xml version="1.0" encoding="UTF-8"?><rtc_cm:WorkItemTemplate  xmlns:dc="http://purl.org/dc/terms/"  xmlns:rtc_cm="http://jazz.net/xmlns/prod/jazz/rtc/cm/1.0/"  xmlns:rdf="http://www.w3.org/1999/02/22-rdf-syntax-ns#"><!--#RMC#process.name=develop_svcprocess.guid=_a0Lh8SUhEeK8o4ogtfCLLwconfiguration.name=configuration.guid=_hu2U4DnkEeKvxsxYg38GfQ#RMC#--><dc:identifier>develop_svc</dc:identifier><dc:title>Develop SvcV</dc:title><dc:description></dc:description><rtc_cm:workItems><rtc_cm:task rdf:ID="-PaKjUDo2EeKvxsxYg38GfQ"><dc:title>Develop Service Views</dc:title><dc:description>&#13;&#10;&#13;&#10;See &lt;a href=&quot;../../../dodaf2/practice.compliance.dodaf.base-ibm/capabilitypatterns/develop_svc_B2D0BA48.html&quot;&gt;detailed description&lt;/a&gt;.</dc:description><rtc_cm:filedAgainst rdf:resource="${filedAgainst:Category}"/><rtc_cm:plannedFor rdf:resource="${plannedFor:Iteration}"/></rtc_cm:task><rtc_cm:task rdf:ID="-PaxAQDo2EeKvxsxYg38GfQ"><dc:title>Define the Services Functionality Behavior/Description (SvcV-4)</dc:title><dc:description>The task to develop the SvcV-4  relates to the definition of service functions and operations and showing how they are allocated to services. It is a way of allocating behavior to structure, in this case Services. The service interactions across a swimlane or service boundary indicate a resource flow or information exchange of some kind, this is used to drive the development of the service interfaces and various resource flow matrices.&#13;&#10;&#13;&#10;See &lt;a href=&quot;../../../dodaf2/practice.compliance.dodaf.base-ibm/capabilitypatterns/def_svcv4_B6385418.html&quot;&gt;detailed description&lt;/a&gt;.</dc:description><rtc_cm:filedAgainst rdf:resource="${filedAgainst:Category}"/><rtc_cm:plannedFor rdf:resource="${plannedFor:Iteration}"/><rtc_cm:com.ibm.team.workitem.linktype.parentworkitem.parent rdf:resource="#-PaKjUDo2EeKvxsxYg38GfQ"/><rtc_cm:com.ibm.team.workitem.linktype.blocksworkitem.dependsOn rdf:resource="#-Pa6KMDo2EeKvxsxYg38GfQ"/></rtc_cm:task><rtc_cm:task rdf:ID="-Pa0DkDo2EeKvxsxYg38GfQ"><dc:title>Develop Service Interfaces on SvcV-1</dc:title><dc:description>The service interfaces are derived based upon the SvcV-4, and 10c these capture the interactions between systems and services and expressed as sets of service interfaces&#13;&#10;&#13;&#10;See &lt;a href=&quot;../../../dodaf2/practice.compliance.dodaf.base-ibm/capabilitypatterns/dev_int_svcv_1_C0D63428.html&quot;&gt;detailed description&lt;/a&gt;.</dc:description><rtc_cm:filedAgainst rdf:resource="${filedAgainst:Category}"/><rtc_cm:plannedFor rdf:resource="${plannedFor:Iteration}"/><rtc_cm:com.ibm.team.workitem.linktype.parentworkitem.parent rdf:resource="#-PaKjUDo2EeKvxsxYg38GfQ"/></rtc_cm:task><rtc_cm:task rdf:ID="-Pa3G4Do2EeKvxsxYg38GfQ"><dc:title>Develop Services Resource Flow Description (SvcV-2)</dc:title><dc:description>The SvcV-2 is developed from the SvcV-4 and 10c as these capture the interactions between services and systems. The SvcV-2 shows the information and resources flowing between services or systems and services.&#13;&#10;&#13;&#10;See &lt;a href=&quot;../../../dodaf2/practice.compliance.dodaf.base-ibm/capabilitypatterns/dev_svc_2_AF6F483E.html&quot;&gt;detailed description&lt;/a&gt;.</dc:description><rtc_cm:filedAgainst rdf:resource="${filedAgainst:Category}"/><rtc_cm:plannedFor rdf:resource="${plannedFor:Iteration}"/><rtc_cm:com.ibm.team.workitem.linktype.parentworkitem.parent rdf:resource="#-PaKjUDo2EeKvxsxYg38GfQ"/></rtc_cm:task><rtc_cm:task rdf:ID="-Pa6KMDo2EeKvxsxYg38GfQ"><dc:title>Develop the Services Interface Description (SvcV-1)</dc:title><dc:description>This task defines the services taxeonomy and captures the services in an SvcV-1. Later the SvcV-1 is used to develop the service interfaces. It should be noted that services in DoDAF 2.0 does not just mean software services, it also implies services that can be realised by people, systems or mechanical/electrical hardware.&#13;&#10;&#13;&#10;See &lt;a href=&quot;../../../dodaf2/practice.compliance.dodaf.base-ibm/capabilitypatterns/dev_svcv1_BA0D284E.html&quot;&gt;detailed description&lt;/a&gt;.</dc:description><rtc_cm:filedAgainst rdf:resource="${filedAgainst:Category}"/><rtc_cm:plannedFor rdf:resource="${plannedFor:Iteration}"/><rtc_cm:com.ibm.team.workitem.linktype.parentworkitem.parent rdf:resource="#-PaKjUDo2EeKvxsxYg38GfQ"/></rtc_cm:task><rtc_cm:task rdf:ID="-Pa9NgDo2EeKvxsxYg38GfQ"><dc:title>Develop Service Rules Model (SvcV-10a)</dc:title><dc:description>This is an ongoing task that is carried out through the development of the service views, the SvcV-10a model being added to when required. It uses the elements created in the other views as place holders for attaching constraints that capture the servicerules&#13;&#10;&#13;&#10;See &lt;a href=&quot;../../../dodaf2/practice.compliance.dodaf.base-ibm/capabilitypatterns/dev_svcv10a_7ACA3637.html&quot;&gt;detailed description&lt;/a&gt;.</dc:description><rtc_cm:filedAgainst rdf:resource="${filedAgainst:Category}"/><rtc_cm:plannedFor rdf:resource="${plannedFor:Iteration}"/><rtc_cm:com.ibm.team.workitem.linktype.parentworkitem.parent rdf:resource="#-PaKjUDo2EeKvxsxYg38GfQ"/><rtc_cm:com.ibm.team.workitem.linktype.blocksworkitem.dependsOn rdf:resource="#-Pa6KMDo2EeKvxsxYg38GfQ"/></rtc_cm:task><rtc_cm:task rdf:ID="-PbCtEDo2EeKvxsxYg38GfQ"><dc:title>Develop Service State Transition Descriptions (SvcV-10b)</dc:title><dc:description>The SvcV-10b is used to capture the state behavior of the service. It is a more detailed reflection of the behavior of the services that is capture in an SvcV-4 and is an aggregate of the messaging behavior captured in the SvcV-10c.&#13;&#10;&#13;&#10;See &lt;a href=&quot;../../../dodaf2/practice.compliance.dodaf.base-ibm/capabilitypatterns/dev_svcv10b_85681647.html&quot;&gt;detailed description&lt;/a&gt;.</dc:description><rtc_cm:filedAgainst rdf:resource="${filedAgainst:Category}"/><rtc_cm:plannedFor rdf:resource="${plannedFor:Iteration}"/><rtc_cm:com.ibm.team.workitem.linktype.parentworkitem.parent rdf:resource="#-PaKjUDo2EeKvxsxYg38GfQ"/></rtc_cm:task><rtc_cm:task rdf:ID="-PbGXcDo2EeKvxsxYg38GfQ"><dc:title>Develop Service Event Trace Descriptions (SvcV-10c)</dc:title><dc:description>This task develops the SvcV-10c model which defines the interactions between the services, it captures a time ordered sequence of events and messages that reflects the information flows show in the SvcV-4. Typically this information is captured using a sequence diagram.&#13;&#10;&#13;&#10;See &lt;a href=&quot;../../../dodaf2/practice.compliance.dodaf.base-ibm/capabilitypatterns/dev_svcv10c_74012A5D.html&quot;&gt;detailed description&lt;/a&gt;.</dc:description><rtc_cm:filedAgainst rdf:resource="${filedAgainst:Category}"/><rtc_cm:plannedFor rdf:resource="${plannedFor:Iteration}"/><rtc_cm:com.ibm.team.workitem.linktype.parentworkitem.parent rdf:resource="#-PaKjUDo2EeKvxsxYg38GfQ"/></rtc_cm:task><rtc_cm:task rdf:ID="-PbKB0Do2EeKvxsxYg38GfQ"><dc:title>Develop Service to Service and Systems Matrixes (SvcV-3a,b)</dc:title><dc:description>This task captures the resource and information relationships between the services and systems. It is a reflection of the resource flows that are captured in the SvcV-2, These views are normally realised as an N-Squared diagram.&#13;&#10;&#13;&#10;See &lt;a href=&quot;../../../dodaf2/practice.compliance.dodaf.base-ibm/capabilitypatterns/dev_svcv3_7E9F0A6D.html&quot;&gt;detailed description&lt;/a&gt;.</dc:description><rtc_cm:filedAgainst rdf:resource="${filedAgainst:Category}"/><rtc_cm:plannedFor rdf:resource="${plannedFor:Iteration}"/><rtc_cm:com.ibm.team.workitem.linktype.parentworkitem.parent rdf:resource="#-PaKjUDo2EeKvxsxYg38GfQ"/><rtc_cm:com.ibm.team.workitem.linktype.blocksworkitem.dependsOn rdf:resource="#-Pa3G4Do2EeKvxsxYg38GfQ"/></rtc_cm:task><rtc_cm:task rdf:ID="-PbPhYDo2EeKvxsxYg38GfQ"><dc:title>Develop Operational Activity to Services Traceability Matrix (SvcV-5)</dc:title><dc:description>Develop the second level of traceability between the Services and the Operational level activities that they enable. This is a task that should be completed as you thinking about these If you do not create the traceability as you go (link as you think)  you will forget what the relationships are.&#13;&#10;&#13;&#10;See &lt;a href=&quot;../../../dodaf2/practice.compliance.dodaf.base-ibm/capabilitypatterns/dev_SvcV5_3F5C1856.html&quot;&gt;detailed description&lt;/a&gt;.</dc:description><rtc_cm:filedAgainst rdf:resource="${filedAgainst:Category}"/><rtc_cm:plannedFor rdf:resource="${plannedFor:Iteration}"/><rtc_cm:com.ibm.team.workitem.linktype.parentworkitem.parent rdf:resource="#-PaKjUDo2EeKvxsxYg38GfQ"/><rtc_cm:com.ibm.team.workitem.linktype.blocksworkitem.dependsOn rdf:resource="#-Pa0DkDo2EeKvxsxYg38GfQ"/></rtc_cm:task><rtc_cm:task rdf:ID="-PbTLwDo2EeKvxsxYg38GfQ"><dc:title>Develop Service Measures Matrix (SvcV-7)</dc:title><dc:description>As the services are identified and developed, measures and metrics need to be related to these services. The development of the SvcV-7 is an ongoing task as it captures the measure and metrics as they are discovered. &#13;&#10;&#13;&#10;See &lt;a href=&quot;../../../dodaf2/practice.compliance.dodaf.base-ibm/capabilitypatterns/dev_svcv7_49F9F866.html&quot;&gt;detailed description&lt;/a&gt;.</dc:description><rtc_cm:filedAgainst rdf:resource="${filedAgainst:Category}"/><rtc_cm:plannedFor rdf:resource="${plannedFor:Iteration}"/><rtc_cm:com.ibm.team.workitem.linktype.parentworkitem.parent rdf:resource="#-PaKjUDo2EeKvxsxYg38GfQ"/><rtc_cm:com.ibm.team.workitem.linktype.blocksworkitem.dependsOn rdf:resource="#-Pa6KMDo2EeKvxsxYg38GfQ"/></rtc_cm:task><rtc_cm:task rdf:ID="-PbW2IDo2EeKvxsxYg38GfQ"><dc:title>Develop Standards Profile (StdV-1)</dc:title><dc:description>To capture the standards that apply to all various viewpoints of the architecture. It is advised this the various standards are attached to the relevant performers, systems, organizations, services, activities as you come across them in the development of the architecture, otherwise it is likely you will forget to add them.&#13;&#10;&#13;&#10;See &lt;a href=&quot;../../../dodaf2/practice.compliance.dodaf.base-ibm/capabilitypatterns/dev_stdV1_D4E2B554.html&quot;&gt;detailed description&lt;/a&gt;.</dc:description><rtc_cm:filedAgainst rdf:resource="${filedAgainst:Category}"/><rtc_cm:plannedFor rdf:resource="${plannedFor:Iteration}"/><rtc_cm:com.ibm.team.workitem.linktype.parentworkitem.parent rdf:resource="#-PaKjUDo2EeKvxsxYg38GfQ"/><rtc_cm:com.ibm.team.workitem.linktype.blocksworkitem.dependsOn rdf:resource="#-Pa6KMDo2EeKvxsxYg38GfQ"/></rtc_cm:task><rtc_cm:task rdf:ID="-PbaggDo2EeKvxsxYg38GfQ"><dc:title>Develop the Physical Data Model (DIV-3)</dc:title><dc:description>This task details the information and data concepts used in the development of the information architecture during the development of the system views and  captures them in DIV-3. It is more detailed version of the DIV-2 and has relationship back to it&#13;&#10;&#13;&#10;See &lt;a href=&quot;../../../dodaf2/practice.compliance.dodaf.base-ibm/capabilitypatterns/dev_div3_25CB72B9.html&quot;&gt;detailed description&lt;/a&gt;.</dc:description><rtc_cm:filedAgainst rdf:resource="${filedAgainst:Category}"/><rtc_cm:plannedFor rdf:resource="${plannedFor:Iteration}"/><rtc_cm:com.ibm.team.workitem.linktype.parentworkitem.parent rdf:resource="#-PaKjUDo2EeKvxsxYg38GfQ"/><rtc_cm:com.ibm.team.workitem.linktype.blocksworkitem.dependsOn rdf:resource="#-PaxAQDo2EeKvxsxYg38GfQ"/></rtc_cm:task><rtc_cm:task rdf:ID="-PbeK4Do2EeKvxsxYg38GfQ"><dc:title>Develop Capability to Services Mapping (CV-7)</dc:title><dc:description>Develop traceability between the Services and Capabilities that they expose This is a task that should be completed as you thinking about these If you do not create the traceability as you go (link as you think)  you will forget what the relationships are.&#13;&#10;&#13;&#10;See &lt;a href=&quot;../../../dodaf2/practice.compliance.dodaf.base-ibm/capabilitypatterns/dev_cv7_C60CDF6A.html&quot;&gt;detailed description&lt;/a&gt;.</dc:description><rtc_cm:filedAgainst rdf:resource="${filedAgainst:Category}"/><rtc_cm:plannedFor rdf:resource="${plannedFor:Iteration}"/><rtc_cm:com.ibm.team.workitem.linktype.parentworkitem.parent rdf:resource="#-PaKjUDo2EeKvxsxYg38GfQ"/><rtc_cm:com.ibm.team.workitem.linktype.blocksworkitem.dependsOn rdf:resource="#-Pa0DkDo2EeKvxsxYg38GfQ"/></rtc_cm:task><rtc_cm:task rdf:ID="-PbjqcDo2EeKvxsxYg38GfQ"><dc:title>Develop the Systems Resource Flow Matrix (SvcV-6)</dc:title><dc:description>This task produces a summary of the resources flows between the various elements that appear in an SvcV-2 and the activities on an SvcV-4. The intent is to show the producing and consumer resource along with the producing and consuming activity and the resource that is being passed between them. The output of the SvcV-6 is normally in the form of a table.&#13;&#10;&#13;&#10;See &lt;a href=&quot;../../../dodaf2/practice.compliance.dodaf.base-ibm/capabilitypatterns/dev_svcv6_4D5BAE73.html&quot;&gt;detailed description&lt;/a&gt;.</dc:description><rtc_cm:filedAgainst rdf:resource="${filedAgainst:Category}"/><rtc_cm:plannedFor rdf:resource="${plannedFor:Iteration}"/><rtc_cm:com.ibm.team.workitem.linktype.parentworkitem.parent rdf:resource="#-PaKjUDo2EeKvxsxYg38GfQ"/><rtc_cm:com.ibm.team.workitem.linktype.blocksworkitem.dependsOn rdf:resource="#-Pa3G4Do2EeKvxsxYg38GfQ"/></rtc_cm:task></rtc_cm:workItems></rtc_cm:WorkItemTemplate>