<?xml version="1.0" encoding="UTF-8"?><rtc_cm:WorkItemTemplate  xmlns:dc="http://purl.org/dc/terms/"  xmlns:rtc_cm="http://jazz.net/xmlns/prod/jazz/rtc/cm/1.0/"  xmlns:rdf="http://www.w3.org/1999/02/22-rdf-syntax-ns#"><!--#RMC#process.name=finalize_avsprocess.guid=_KdcBkTjsEeKjWtIcmGjC_wconfiguration.name=compliance.dodaf-ibmconfiguration.guid=_gLTPoBlEEeKG9qpLMsmr9w#RMC#--><dc:identifier>finalize_av</dc:identifier><dc:title>Finalize AV</dc:title><dc:description></dc:description><rtc_cm:workItems><rtc_cm:task rdf:ID="-U1lDIDo2EeKvxsxYg38GfQ"><dc:title>Finalize All Views</dc:title><dc:description>This task is about finishing of the AV-1 sumamry and overview document, populating it with the results and findings of the architecture. It is also about publishing (if required) the data dictionary and views and that the architecture consists of as the AV-2&#13;&#10;&#13;&#10;See &lt;a href=&quot;../../../dodaf2/practice.compliance.dodaf.base-ibm/capabilitypatterns/finalize_avs_C40C4BEA.html&quot;&gt;detailed description&lt;/a&gt;.</dc:description><rtc_cm:filedAgainst rdf:resource="${filedAgainst:Category}"/><rtc_cm:plannedFor rdf:resource="${plannedFor:Iteration}"/></rtc_cm:task><rtc_cm:task rdf:ID="-U2Q-oDo2EeKvxsxYg38GfQ"><dc:title>Finalize the AV-1</dc:title><dc:description>Complete the AV-1 with a summary of work completed, findings, results, scope, architectural views used etc. &#13;&#10;&#13;&#10;See &lt;a href=&quot;../../../dodaf2/practice.compliance.dodaf.base-ibm/capabilitypatterns/fin_av1_E348EE6C.html&quot;&gt;detailed description&lt;/a&gt;.</dc:description><rtc_cm:filedAgainst rdf:resource="${filedAgainst:Category}"/><rtc_cm:plannedFor rdf:resource="${plannedFor:Iteration}"/><rtc_cm:com.ibm.team.workitem.linktype.parentworkitem.parent rdf:resource="#-U1lDIDo2EeKvxsxYg38GfQ"/></rtc_cm:task><rtc_cm:task rdf:ID="-U2UqADo2EeKvxsxYg38GfQ"><dc:title>Develop the AV-2</dc:title><dc:description>This task develops an architectural data repository with definitions for all all terms and elements used in the architecture.&#13;&#10;&#13;&#10;See &lt;a href=&quot;../../../dodaf2/practice.compliance.dodaf.base-ibm/capabilitypatterns/dev_av2_33F0BF4B.html&quot;&gt;detailed description&lt;/a&gt;.</dc:description><rtc_cm:filedAgainst rdf:resource="${filedAgainst:Category}"/><rtc_cm:plannedFor rdf:resource="${plannedFor:Iteration}"/><rtc_cm:com.ibm.team.workitem.linktype.parentworkitem.parent rdf:resource="#-U1lDIDo2EeKvxsxYg38GfQ"/><rtc_cm:com.ibm.team.workitem.linktype.blocksworkitem.dependsOn rdf:resource="#-U2Q-oDo2EeKvxsxYg38GfQ"/></rtc_cm:task></rtc_cm:workItems></rtc_cm:WorkItemTemplate>